time_h;glc;frc;mic
0.0;8.1417;0.0;0.1518
0.015851767302880564;8.120971862857633;0.0;0.1536114764848106
0.17436944033168622;7.899595703960157;0.0;0.17295801512386705
0.36368431169520743;7.598413879242079;0.0;0.19927894253677944
0.548554695415548;7.2601610647000765;0.0;0.22883958347886543
0.7276083875603508;6.884844619295026;0.0;0.26163929483470705
0.9009573010059381;6.470384533708701;0.0;0.2978598530920935
1.0687314995927477;6.014794138041399;0.0;0.3376748776062847
1.2310119608192733;5.516403811329886;0.0;0.381230280144106
1.3878231398004948;4.974022291718174;0.0;0.42863016764119544
1.539121462599569;4.3871632115267225;0.0;0.4799170448150974
1.6847640961714372;3.7564330152754084;0.0;0.5350379131749415
1.824408691799803;3.084419181175699;0.0;0.5937666474349466
1.9571262246354313;2.3785984293605837;0.0;0.6554498409425321
2.0583610557930183;1.7926928717363455;0.0;0.7066533877285474
2.1320617953093195;1.3390397057702335;0.0;0.7462991135727577
2.1849610039104106;0.9993173330028748;0.0;0.7759881823687318
2.2231540944837165;0.7471412305887419;0.0;0.7980263943130502
2.2510533421298407;0.559856028219329;0.0;0.8143936509418067
2.2716820882875988;0.4203176263878263;0.0;0.826588211982662
2.2871199756806435;0.3159043562054024;0.0;0.8357131122251945
2.298808176451564;0.23744135314942227;0.0;0.8425701628123896
2.3077598054792285;0.17825289293807933;0.0;0.8477427696466934
2.3146964041614417;0.13346610310182458;0.0;0.8516567835332912
2.3201382660800354;0.09950697051014096;0.0;0.8546245451662777
2.324463990700679;0.07374540374925302;0.0;0.856875903890832
2.3279498698401633;0.05424484286120604;0.0;0.8585800998466332
2.330795956629858;0.03958048780117228;0.0;0.8598616493739116
2.3331453559036417;0.028689977425593087;0.0;0.8608133944978198
2.335104143072989;0.02073217365093412;0.0;0.8615088440845107
2.3367614298475914;0.014987229685867416;0.0;0.8620109070932507
2.3381971379739706;0.010848921791573846;0.0;0.8623725627203788
2.3394784139023455;0.007852423741135142;0.0;0.8626344331295654
2.3407596898307204;0.005502695236482317;0.0;0.8628397809571408
2.3419389625777796;0.003864243499177079;0.0;0.8629829687782768
2.34305187427564;0.0027139526243954836;0.0;0.863083495171751
2.344135571969778;0.0018951126128432289;0.0;0.8631550553614371
2.3452169397090583;0.0013091568242307688;0.0;0.8632062632980172
2.3463172256506173;0.000890607538858961;0.0;0.8632428412202384
2.347454795942459;0.0005939662158474634;0.0;0.863268765343442
2.348646882907401;0.0003865138306184733;0.0;0.8632868950535544
2.349910874299615;0.00024413615371475194;0.0;0.8632993377449503
2.351265448334339;0.00014878552131854895;0.0;0.8633076706417857
2.352731764990861;8.68670010127586e-05;0.0;0.8633130818344432
2.3543349077248856;4.8163502249480544e-05;0.0;0.8633164642164396
2.356105812569158;2.5082030125452285e-05;0.0;0.8633184813559298
2.358084035049361;1.2094416840009617e-05;0.0;0.8633196163713872
2.3603219347110027;5.298146724687475e-06;0.0;0.8633202103120493
2.3628913087237695;2.054369791150175e-06;0.0;0.8633204937926919
2.365894420186984;6.79902450683127e-07;0.0;0.8633206139103489
2.369483295748553;1.8262606859386472e-07;0.0;0.8633206573684014
2.3738953544106627;3.769199817528347e-08;0.0;0.8633206700345015
2.3795217688626873;6.548250171357664e-09;0.0;0.8633206727562206
2.387025461045612;2.428553702371706e-09;0.0;0.8633206731162497
2.397259788689324;5.563139788807399e-09;0.0;0.8633206728423115
2.4070198357281436;9.451904600731638e-09;0.0;0.863320672502464
2.416779882766963;1.6059269999403876e-08;0.0;0.8633206719250321
2.425885704099612;1.7743274137245523e-08;0.0;0.8633206717778634
2.4341756983981186;1.1214017418249744e-08;0.0;0.8633206723484692
2.4424301521232774;6.915441869757385e-09;0.0;0.8633206727241309
2.4514842609185314;7.3788955509094e-09;0.0;0.8633206726836287
2.4613053917240046;1.3037312934534915e-08;0.0;0.8633206721891274
2.4698758349619467;1.0000065849178976e-08;0.0;0.863320672454559
2.478446278199889;7.670350709846844e-09;0.0;0.8633206726581578
2.487653580431133;9.071055035497693e-09;0.0;0.8633206725357473
2.4972456033653523;1.3826116263278997e-08;0.0;0.8633206721201923
2.506455041023053;1.6374592306878076e-08;0.0;0.8633206718974754
2.5149804267122673;1.2175912091686143e-08;0.0;0.8633206722644071
2.5233302116257583;8.01992795280419e-09;0.0;0.8633206726276075
2.53221995954279;7.655586577375546e-09;0.0;0.863320672659448
2.541784050114942;1.1458284274841499e-08;0.0;0.8633206723271221
2.5513162557831213;1.679693538758558e-08;0.0;0.8633206718605658
2.5601149833862964;1.5069206260467932e-08;0.0;0.8633206720115558
2.5683788419682885;9.353480071760132e-09;0.0;0.8633206725110655
2.5769117938794;6.9914060221036125e-09;0.0;0.8633206727174922
2.586249769496343;9.019177620317481e-09;0.0;0.8633206725402809
2.5959974010916627;1.5202273707404076e-08;0.0;0.8633206719999268
2.6051910636978177;1.781561226849259e-08;0.0;0.8633206717715415
2.6135586560853183;1.1880034373230408e-08;0.0;0.8633206722902644
2.621793927934387;7.2297311217221016e-09;0.0;0.8633206726966645
2.630747519777567;7.207193873704964e-09;0.0;0.863320672698634
2.6405002677711167;1.2188000403697218e-08;0.0;0.8633206722633506
2.6501148108011514;1.8851091789001496e-08;0.0;0.8633206716810488
2.65879235322144;1.5564873479126274e-08;0.0;0.8633206719682385
2.6668864567197517;8.593329861788167e-09;0.0;0.8633206725774967
2.6753926450952568;6.305746485072479e-09;0.0;0.8633206727774135
2.684895189464285;9.065945517598718e-09;0.0;0.8633206725361938
2.6948157593185385;1.706485823180835e-08;0.0;0.8633206718371517
2.7029980512257397;1.001206088547646e-08;0.0;0.8633206724535107
2.711180343132941;5.874089078186723e-09;0.0;0.863320672815137
2.7204552038775076;7.26681320463048e-09;0.0;0.8633206726934238
2.7305602003125387;1.5361502981818715e-08;0.0;0.8633206719860115
2.7388570633045672;9.754862302478668e-09;0.0;0.8633206724759879
2.747153926296596;6.1944847119414016e-09;0.0;0.863320672787137
2.756456307183337;7.80464704836648e-09;0.0;0.8633206726464214
2.766449396140748;1.5379777421241437e-08;0.0;0.8633206719844145
2.7747621726756204;9.87446511253102e-09;0.0;0.8633206724655356
2.783074949210493;6.339773195286481e-09;0.0;0.8633206727744399
2.792351803691658;7.853329921454215e-09;0.0;0.8633206726421669
2.802303410187651;1.507565607281542e-08;0.0;0.8633206720109923
2.8106501768306904;9.909258802460018e-09;0.0;0.8633206724624949
2.8189969434737296;6.513326151576279e-09;0.0;0.8633206727592727
2.828261134043743;8.000610086731912e-09;0.0;0.8633206726292958
2.838161476046887;1.4867444353711088e-08;0.0;0.8633206720291884
2.8465355689576914;9.958688828576265e-09;0.0;0.8633206724581751
2.8549096618684957;6.670598211912893e-09;0.0;0.8633206727455285
2.8641597156994827;8.117006693908342e-09;0.0;0.8633206726191237
2.874015533482827;1.466249459349567e-08;0.0;0.8633206720470994
2.8824159554151576;1.0001706875834822e-08;0.0;0.8633206724544157
2.8908163773474884;6.8224009463402645e-09;0.0;0.8633206727322621
2.9000537304074694;8.231734248923597e-09;0.0;0.8633206726090974
2.909867625787378;1.4477080218144134e-08;0.0;0.8633206720633032
2.9192194698264182;1.8848736437770705e-08;0.0;0.8633206716812548
2.927644301033823;1.3075981461694827e-08;0.0;0.8633206721857483
2.935778190567719;7.419821021692254e-09;0.0;0.8633206726800523
2.9445791415287834;6.666601595486548e-09;0.0;0.8633206727458778
2.954309616039674;1.1113460437885442e-08;0.0;0.8633206723572572
2.9640792551070962;1.8999091731556856e-08;0.0;0.8633206716681149
2.972893319548847;1.7224449461943738e-08;0.0;0.8633206718232047
2.9809536833433503;9.29135266223147e-09;0.0;0.8633206725164951
2.9892947894705926;6.083329340344417e-09;0.0;0.8633206727968512
2.9986800845696746;8.097189365508061e-09;0.0;0.8633206726208557
3.0;4.974532737610847e-09;0.0;0.8633206728937514
